Alpha (degrees),CL,CD
-5,-0.32438,0.044251
-4,-0.21503,0.033783
-3,-0.10081,0.028627
-2,0.010503,0.025864
-1,0.12155,0.024643
0,0.24163,0.025099
1,0.34336,0.025635
2,0.45256,0.02766
3,0.56037,0.030677
4,0.66625,0.034855
5,0.76942,0.040403
6,0.86923,0.04759
7,0.96386,0.057108
8,1.0441,0.070132
9,1.0743,0.090921
10,1.0807,0.11193
11,1.0379,0.13254
12,1.034,0.15645
14,1.0156,0.20959
16,0.97946,0.25668